Date,Price,,Date1,Price1,,Date2,Price2,,Date3,Price3,,Date4,Price4,,Date5,Price5
3/1/70,89.63,,3/1/70,97.34,,3/1/70,7.08,,3/1/70,106.38,,12/1/71,100,,1/1/88,257.47
4/1/70,81.52,,4/1/70,88.97,,4/1/70,7.82,,4/1/70,106.05,,1/1/72,101.22,,2/1/88,269.48
5/1/70,76.55,,5/1/70,84.28,,5/1/70,7.95,,5/1/70,102.9,,2/1/72,102.18,,3/1/88,261.15
6/1/70,72.72,,6/1/70,85.85,,6/1/70,7.68,,6/1/70,110.2,,3/1/72,102.44,,4/1/88,264.04
7/1/70,78.05,,7/1/70,89,,7/1/70,7.38,,7/1/70,109.07,,4/1/72,102.7,,5/1/88,266.32
8/1/70,81.52,,8/1/70,89.1,,8/1/70,7.49,,8/1/70,114.63,,5/1/72,101.15,,6/1/88,278.54
9/1/70,84.3,,9/1/70,89.49,,9/1/70,7.29,,9/1/70,116.07,,6/1/72,101.16,,7/1/88,277.49
10/1/70,83.25,,10/1/70,88.45,,10/1/70,7.33,,10/1/70,115.66,,7/1/72,104.02,,8/1/88,268.07
11/1/70,87.2,,11/1/70,84.37,,11/1/70,6.49,,11/1/70,114.07,,8/1/72,102.84,,9/1/88,279.49
12/1/70,92.15,,12/1/70,85.87,,12/1/70,6.5,,12/1/70,115.1,,9/1/72,105.89,,10/1/88,287.27
1/1/71,95.88,,1/1/71,89.07,,1/1/71,6.09,,1/1/71,120.95,,10/1/72,108.9,,11/1/88,283.18
2/1/71,96.75,,2/1/71,89.58,,2/1/71,6.14,,2/1/71,119.78,,11/1/72,111.21,,12/1/88,288.12
3/1/71,100.31,,3/1/71,93.17,,3/1/71,5.53,,3/1/71,121.03,,12/1/72,111.19,,1/1/89,309.21
4/1/71,103.95,,4/1/71,96.48,,4/1/71,6.08,,4/1/71,121.79,,1/1/73,111.57,,2/1/89,301.51
5/1/71,99.63,,5/1/71,98,,5/1/71,6.38,,5/1/71,126.28,,2/1/73,104.39,,3/1/89,308.54
6/1/71,98.7,,6/1/71,100.03,,6/1/71,6.7,,6/1/71,125,,3/1/73,106.05,,4/1/89,324.56
7/1/71,95.58,,7/1/71,103.99,,7/1/71,6.85,,7/1/71,125.84,,4/1/73,101.94,,5/1/89,337.69
8/1/71,99.03,,8/1/71,102.23,,8/1/71,6.28,,8/1/71,125.27,,5/1/73,97.82,,6/1/89,335.78
9/1/71,98.34,,9/1/71,100.39,,9/1/71,6,,9/1/71,125.26,,6/1/73,98.72,,7/1/89,366.1
10/1/71,94.23,,10/1/71,96.91,,10/1/71,5.87,,10/1/71,131.06,,7/1/73,100.87,,8/1/89,373.25
11/1/71,93.99,,11/1/71,99.79,,11/1/71,5.93,,11/1/71,134.5,,8/1/73,94.28,,9/1/89,371.74
12/1/71,102.09,,12/1/71,108.32,,12/1/71,5.89,,12/1/71,139.36,,9/1/73,101.67,,10/1/89,363.11
1/1/72,103.94,,1/1/72,114.28,,1/1/72,6.09,,1/1/72,144.75,,10/1/73,102.92,,11/1/89,370.51
2/1/72,106.57,,2/1/72,121.44,,2/1/72,6.04,,2/1/72,144.35,,11/1/73,88.48,,12/1/89,379.41
3/1/72,107.2,,3/1/72,125.09,,3/1/72,6.12,,3/1/72,146.26,,12/1/73,80.93,,1/1/90,353.94
4/1/72,107.67,,4/1/72,127.74,,4/1/72,6.14,,4/1/72,150.54,,1/1/74,83.44,,2/1/90,358.5
5/1/72,109.53,,5/1/72,131.54,,5/1/72,6.05,,5/1/72,154.06,,2/1/74,87.26,,3/1/90,368
6/1/72,107.14,,6/1/72,127.71,,6/1/72,6.15,,6/1/72,158.14,,3/1/74,84.05,,4/1/90,358.82
7/1/72,107.39,,7/1/72,134.26,,7/1/72,6.12,,7/1/72,156.71,,4/1/74,73.77,,5/1/90,393.8
8/1/72,111.09,,8/1/72,135.43,,8/1/72,6.42,,8/1/72,166.07,,5/1/74,69.6,,6/1/90,391.14
9/1/72,110.55,,9/1/72,130.68,,9/1/72,6.54,,9/1/72,178.64,,6/1/74,63.2,,7/1/90,389.89
10/1/72,111.58,,10/1/72,131.73,,10/1/72,6.41,,10/1/72,176.83,,7/1/74,62.19,,8/1/90,354.65
11/1/72,116.67,,11/1/72,140.06,,11/1/72,6.28,,11/1/72,183.79,,8/1/74,51.03,,9/1/90,337.39
12/1/72,118.05,,12/1/72,144.37,,12/1/72,6.41,,12/1/72,198.49,,9/1/74,52.76,,10/1/90,335.95
1/1/73,116.03,,1/1/73,146.52,,1/1/73,6.54,,1/1/73,205.27,,10/1/74,57.45,,11/1/90,357.67
2/1/73,111.68,,2/1/73,158.27,,2/1/73,6.64,,2/1/73,214.17,,11/1/74,51.43,,12/1/90,367.63
3/1/73,111.52,,3/1/73,158.9,,3/1/73,6.73,,3/1/73,209.07,,12/1/74,46.75,,1/1/91,383.64
4/1/73,106.97,,4/1/73,149.63,,4/1/73,6.7,,4/1/73,221.69,,1/1/75,61.16,,2/1/91,411.08
5/1/73,104.95,,5/1/73,152.89,,5/1/73,6.93,,5/1/73,262.12,,2/1/75,58.34,,3/1/91,421.03
6/1/73,104.26,,6/1/73,156.28,,6/1/73,6.94,,6/1/73,257.68,,3/1/75,63.56,,4/1/91,422.03
7/1/73,108.22,,7/1/73,153.97,,7/1/73,7.43,,7/1/73,324.09,,4/1/75,60.11,,5/1/91,440.24
8/1/73,104.25,,8/1/73,145.76,,8/1/73,7.25,,8/1/73,332.06,,5/1/75,62.16,,6/1/91,420.07
9/1/73,108.43,,9/1/73,144.4,,9/1/73,6.9,,9/1/73,315.38,,6/1/75,66.13,,7/1/91,439.65
10/1/73,108.29,,10/1/73,147.13,,10/1/73,6.71,,10/1/73,298.56,,7/1/75,66.28,,8/1/91,450.06
11/1/73,95.96,,11/1/73,125.6,,11/1/73,6.69,,11/1/73,314.19,,8/1/75,65.32,,9/1/91,442.53
12/1/73,97.55,,12/1/73,120.09,,12/1/73,6.9,,12/1/73,347.27,,9/1/75,60.33,,10/1/91,448.48
1/1/74,96.57,,1/1/74,120.55,,1/1/74,7,,1/1/74,386.02,,10/1/75,59.5,,11/1/91,430.41
2/1/74,96.22,,2/1/74,124.18,,2/1/74,7.01,,2/1/74,383.97,,11/1/75,60.33,,12/1/91,479.63
3/1/74,93.98,,3/1/74,120.59,,3/1/74,7.41,,3/1/74,339.78,,12/1/75,63.74,,1/1/92,470.7
4/1/74,90.31,,4/1/74,123.44,,4/1/74,7.66,,4/1/74,343.54,,1/1/76,73.03,,2/1/92,476.79
5/1/74,87.28,,5/1/74,118.25,,5/1/74,7.52,,5/1/74,320.3,,2/1/76,75.88,,3/1/92,467.52
6/1/74,86,,6/1/74,112.52,,6/1/74,7.64,,6/1/74,360.07,,3/1/76,75.21,,4/1/92,481.25
7/1/74,79.31,,7/1/74,106.44,,7/1/74,7.89,,7/1/74,445.88,,4/1/76,75.76,,5/1/92,483.6
8/1/74,72.15,,8/1/74,95.11,,8/1/74,8.11,,8/1/74,424.01,,5/1/76,74.25,,6/1/92,476.41
9/1/74,63.54,,9/1/74,87.84,,9/1/74,7.94,,9/1/74,475.31,,6/1/76,75.28,,7/1/92,495.87
10/1/74,73.9,,10/1/74,88.24,,10/1/74,7.79,,10/1/74,518.09,,7/1/76,77.61,,8/1/92,485.72
11/1/74,69.97,,11/1/74,90.67,,11/1/74,7.64,,11/1/74,528.17,,8/1/76,79.91,,9/1/92,491.43
12/1/74,68.56,,12/1/74,89.35,,12/1/74,7.4,,12/1/74,484.49,,9/1/76,82.58,,10/1/92,493.13
1/1/75,76.98,,1/1/75,104.9,,1/1/75,7.53,,1/1/75,408.74,,10/1/76,83.62,,11/1/92,509.92
2/1/75,81.59,,2/1/75,118.32,,2/1/75,7.46,,2/1/75,366.18,,11/1/76,87.24,,12/1/92,516.18
3/1/75,83.36,,3/1/75,116.63,,3/1/75,8.01,,3/1/75,397.12,,12/1/76,94.96,,1/1/93,520.49
4/1/75,87.3,,4/1/75,121.73,,4/1/75,8.31,,4/1/75,378.8,,1/1/77,96.68,,2/1/93,527.59
5/1/75,91.15,,5/1/75,120.39,,5/1/75,8.04,,5/1/75,373.11,,2/1/77,96.23,,3/1/93,538.72
6/1/75,95.19,,6/1/75,115.29,,6/1/75,7.96,,6/1/75,379.26,,3/1/77,96.58,,4/1/93,525.7
7/1/75,88.75,,7/1/75,110.15,,7/1/75,8.2,,7/1/75,408.96,,4/1/77,100.11,,5/1/93,539.76
8/1/75,86.88,,8/1/75,109.6,,8/1/75,8.22,,8/1/75,448.24,,5/1/77,98.98,,6/1/93,541.34
9/1/75,83.87,,9/1/75,104.23,,9/1/75,8.48,,9/1/75,453.35,,6/1/77,104.03,,7/1/93,539.16
10/1/75,89.04,,10/1/75,112.84,,10/1/75,7.91,,10/1/75,416.9,,7/1/77,107.48,,8/1/93,559.62
11/1/75,91.24,,11/1/75,115.14,,11/1/75,8.14,,11/1/75,411.82,,8/1/77,108.66,,9/1/93,555.33
12/1/75,90.19,,12/1/75,117.24,,12/1/75,7.76,,12/1/75,401.05,,9/1/77,106.97,,10/1/93,566.82
1/1/76,100.86,,1/1/76,123.04,,1/1/76,7.8,,1/1/76,381.86,,10/1/77,105.77,,11/1/93,561.41
2/1/76,99.71,,2/1/76,121.72,,2/1/76,7.77,,2/1/76,403.7,,11/1/77,112.82,,12/1/93,568.2
3/1/76,102.77,,3/1/76,119.29,,3/1/76,7.66,,3/1/76,404.53,,12/1/77,113.07,,1/1/94,587.52
4/1/76,101.64,,4/1/76,118.37,,4/1/76,7.67,,4/1/76,420.1,,1/1/78,109.44,,2/1/94,571.57
5/1/76,100.18,,5/1/76,114.8,,5/1/76,7.96,,5/1/76,427.7,,2/1/78,110.68,,3/1/94,546.65
6/1/76,104.28,,6/1/76,116.35,,6/1/76,7.86,,6/1/76,420.56,,3/1/78,114.95,,4/1/94,553.66
7/1/76,103.44,,7/1/76,114.62,,7/1/76,7.86,,7/1/76,383.33,,4/1/78,115.56,,5/1/94,562.75
8/1/76,102.91,,8/1/76,114.31,,8/1/76,7.66,,8/1/76,372.55,,5/1/78,113.52,,6/1/94,548.96
9/1/76,105.24,,9/1/76,111.96,,9/1/76,7.55,,9/1/76,335.73,,6/1/78,113.25,,7/1/94,566.98
10/1/76,102.9,,10/1/76,104.44,,10/1/76,7.42,,10/1/76,331.59,,7/1/78,116.19,,8/1/94,590.23
11/1/76,102.1,,11/1/76,105.34,,11/1/76,7.01,,11/1/76,336.32,,8/1/78,121.1,,9/1/94,575.8
12/1/76,107.46,,12/1/76,116.81,,12/1/76,6.81,,12/1/76,353.23,,9/1/78,122.75,,10/1/94,588.73
1/1/77,102.03,,1/1/77,115.74,,1/1/77,7.4,,1/1/77,352.29,,10/1/78,109.81,,11/1/94,567.29
2/1/77,99.82,,2/1/77,117.9,,2/1/77,7.45,,2/1/77,351.42,,11/1/78,110.5,,12/1/94,575.71
3/1/77,98.42,,3/1/77,117.88,,3/1/77,7.42,,3/1/77,364.21,,12/1/78,111.21,,1/1/95,590.64
4/1/77,98.44,,4/1/77,120.93,,4/1/77,7.45,,4/1/77,383.26,,1/1/79,119.72,,2/1/95,613.65
5/1/77,96.12,,5/1/77,120.03,,5/1/77,7.38,,5/1/77,370.1,,2/1/79,119.46,,3/1/95,631.76
6/1/77,100.48,,6/1/77,122.31,,6/1/77,7.2,,6/1/77,361.14,,3/1/79,128.96,,4/1/95,650.36
7/1/77,98.85,,7/1/77,120.07,,7/1/77,7.42,,7/1/77,330.39,,4/1/79,130.91,,5/1/95,676.36
8/1/77,96.77,,8/1/77,124.96,,8/1/77,7.28,,8/1/77,333.63,,5/1/79,130.73,,6/1/95,692.07
9/1/77,96.53,,9/1/77,128.27,,9/1/77,7.41,,9/1/77,345.8,,6/1/79,140.89,,7/1/95,715.02
10/1/77,92.34,,10/1/77,131.05,,10/1/77,7.62,,10/1/77,355.75,,7/1/79,144.49,,8/1/95,716.82
11/1/77,94.83,,11/1/77,129.51,,11/1/77,7.55,,11/1/77,370.87,,8/1/79,159.05,,9/1/95,747.07
12/1/77,95.1,,12/1/77,133.88,,12/1/77,7.78,,12/1/77,389.86,,9/1/79,154.59,,10/1/95,744.4
1/1/78,89.25,,1/1/78,135.15,,1/1/78,7.94,,1/1/78,402.43,,10/1/79,136.9,,11/1/95,777.07
2/1/78,87.04,,2/1/78,136.25,,2/1/78,8.04,,2/1/78,408.77,,11/1/79,144.07,,12/1/95,792.04
3/1/78,89.21,,3/1/78,145.72,,3/1/78,8.15,,3/1/78,450.97,,12/1/79,145.16,,1/1/96,819
4/1/78,96.83,,4/1/78,144.2,,4/1/78,8.24,,4/1/78,460.66,,1/1/80,155.16,,2/1/96,826.59
5/1/78,97.24,,5/1/78,146.68,,5/1/78,8.42,,5/1/78,495.79,,2/1/80,153.35,,3/1/96,834.55
6/1/78,95.53,,6/1/78,152.82,,6/1/78,8.62,,6/1/78,449.49,,3/1/80,132.93,,4/1/96,846.85
7/1/78,100.68,,7/1/78,165.63,,7/1/78,8.56,,7/1/78,461.74,,4/1/80,144.19,,5/1/96,868.69
8/1/78,103.29,,8/1/78,168.49,,8/1/78,8.39,,8/1/78,474.34,,5/1/80,155.24,,6/1/96,872.01
9/1/78,102.54,,9/1/78,173.01,,9/1/78,8.56,,9/1/78,501.02,,6/1/80,164.24,,7/1/96,833.48
10/1/78,93.15,,10/1/78,182.42,,10/1/78,8.96,,10/1/78,506.05,,7/1/80,177.36,,8/1/96,851.06
11/1/78,94.7,,11/1/78,164.95,,11/1/78,8.86,,11/1/78,519.15,,8/1/80,181.18,,9/1/96,898.97
12/1/78,96.11,,12/1/78,172.59,,12/1/78,9.15,,12/1/78,513.08,,9/1/80,177.97,,10/1/96,923.76
1/1/79,99.93,,1/1/79,173.11,,1/1/79,8.95,,1/1/79,550.09,,10/1/80,192.1,,11/1/96,993.58
2/1/79,96.28,,2/1/79,171.8,,2/1/79,9.17,,2/1/79,582.29,,11/1/80,190.13,,12/1/96,973.9
3/1/79,101.59,,3/1/79,175.09,,3/1/79,9.11,,3/1/79,571.95,,12/1/80,185.84,,1/1/97,1034.74
4/1/79,101.76,,4/1/79,173.86,,4/1/79,9.35,,4/1/79,606.17,,1/1/81,189.32,,2/1/97,1042.85
5/1/79,99.08,,5/1/79,169.71,,5/1/79,9.06,,5/1/79,577.61,,2/1/81,190.56,,3/1/97,1000
6/1/79,102.91,,6/1/79,172.17,,6/1/79,8.81,,6/1/79,585.34,,3/1/81,202,,4/1/97,1059.7
7/1/79,103.81,,7/1/79,173.61,,7/1/79,9.01,,7/1/79,560.91,,4/1/81,204.98,,5/1/97,1124.22
8/1/79,109.32,,8/1/79,177.22,,8/1/79,9.24,,8/1/79,625.51,,5/1/81,195.6,,6/1/97,1174.59
9/1/79,109.32,,9/1/79,184.39,,9/1/79,9.44,,9/1/79,652.39,,6/1/81,203.4,,7/1/97,1268.05
10/1/79,101.82,,10/1/79,169.09,,10/1/79,10.72,,10/1/79,631.74,,7/1/81,204.58,,8/1/97,1197.01
11/1/79,106.16,,11/1/79,170.59,,11/1/79,10.38,,11/1/79,675.53,,8/1/81,193.86,,9/1/97,1262.56
12/1/79,107.94,,12/1/79,175.72,,12/1/79,10.33,,12/1/79,686.56,,9/1/81,183.09,,10/1/97,1220.4
1/1/80,114.16,,1/1/80,183.58,,1/1/80,11.13,,1/1/80,727.92,,10/1/81,192.55,,11/1/97,1276.89
2/1/80,113.66,,2/1/80,182.17,,2/1/80,12.72,,2/1/80,721.19,,11/1/81,204.84,,12/1/97,1298.82
3/1/80,102.09,,3/1/80,162.17,,3/1/80,12.64,,3/1/80,620.39,,12/1/81,201.78,,1/1/98,1313.19
4/1/80,106.29,,4/1/80,176.81,,4/1/80,10.76,,4/1/80,643.38,,1/1/82,199.97,,2/1/98,1407.9
5/1/80,111.24,,5/1/80,184.34,,5/1/80,10.25,,5/1/80,682.5,,2/1/82,195.87,,3/1/98,1480
6/1/80,114.24,,6/1/80,195.38,,6/1/80,10.09,,6/1/80,720.92,,3/1/82,196.91,,4/1/98,1494.89
7/1/80,121.67,,7/1/80,193.69,,7/1/80,10.76,,7/1/80,755.15,,4/1/82,201.81,,5/1/98,1469.19
8/1/80,122.38,,8/1/80,199.67,,8/1/80,11.55,,8/1/80,767.3,,5/1/82,199.82,,6/1/98,1528.87
9/1/80,125.46,,9/1/80,205.89,,9/1/80,11.86,,9/1/80,810.18,,6/1/82,192.48,,7/1/98,1512.59
10/1/80,127.47,,10/1/80,213.83,,10/1/80,12.46,,10/1/80,835.6,,7/1/82,200.12,,8/1/98,1293.9
11/1/80,140.52,,11/1/80,208.8,,11/1/80,12.72,,11/1/80,824,,8/1/82,214.25,,9/1/98,1376.79
12/1/80,135.76,,12/1/80,209.13,,12/1/80,12.43,,12/1/80,762.66,,9/1/82,224.51,,10/1/98,1488.78
1/1/81,129.55,,1/1/81,205.56,,1/1/81,12.68,,1/1/81,714.2,,10/1/82,249.14,,11/1/98,1579.02
2/1/81,131.27,,2/1/81,202.17,,2/1/81,13.43,,2/1/81,693.47,,11/1/82,260.99,,12/1/98,1670.01
3/1/81,136,,3/1/81,208.78,,3/1/81,13.13,,3/1/81,692.3,,12/1/82,265.62,,1/1/99,1739.84
4/1/81,132.81,,4/1/81,213.77,,4/1/81,14.11,,4/1/81,682.85,,1/1/83,271.71,,2/1/99,1685.77
5/1/81,132.59,,5/1/81,204.12,,5/1/81,13.5,,5/1/81,686.55,,2/1/83,279.05,,3/1/99,1753.21
6/1/81,131.21,,6/1/81,204.95,,6/1/81,13.86,,6/1/81,642.93,,3/1/83,302.27,,4/1/99,1821.11
7/1/81,130.92,,7/1/81,196.05,,7/1/81,14.67,,7/1/81,672.16,,4/1/83,318.23,,5/1/99,1778.1
8/1/81,122.79,,8/1/81,200.07,,8/1/81,15.41,,8/1/81,650.09,,5/1/83,318.44,,6/1/99,1876.78
9/1/81,116.18,,9/1/81,179.57,,9/1/81,15.84,,9/1/81,649.26,,6/1/83,315.54,,7/1/99,1818.18
10/1/81,121.89,,10/1/81,181.92,,10/1/81,14.63,,10/1/81,651.22,,7/1/83,311.22,,8/1/99,1809.19
11/1/81,126.35,,11/1/81,201.49,,11/1/81,13.13,,11/1/81,621.87,,8/1/83,308.82,,9/1/99,1759.59
12/1/81,122.55,,12/1/81,198.99,,12/1/81,13.98,,12/1/81,587.18,,9/1/83,315.71,,10/1/99,1870.94
1/1/82,120.4,,1/1/82,197.04,,1/1/82,14.14,,1/1/82,634.12,,10/1/83,323.66,,11/1/99,1908.97
2/1/82,113.11,,2/1/82,183.92,,2/1/82,14.03,,2/1/82,619.87,,11/1/83,328.3,,12/1/99,2021.4
3/1/82,111.96,,3/1/82,174.44,,3/1/82,14.18,,3/1/82,642.99,,12/1/83,333.28,,1/1/00,1919.84
4/1/82,116.44,,4/1/82,185.16,,4/1/82,13.87,,4/1/82,666.17,,1/1/84,337.64,,2/1/00,1883.5
5/1/82,111.88,,5/1/82,182.17,,5/1/82,13.71,,5/1/82,667.68,,2/1/84,332.4,,3/1/00,2067.76
6/1/82,109.61,,6/1/82,167.97,,6/1/82,14.44,,6/1/82,647.59,,3/1/84,334.72,,4/1/00,2005.55
7/1/82,107.09,,7/1/82,165.48,,7/1/82,13.68,,7/1/82,661.66,,4/1/84,338.94,,5/1/00,1964.4
8/1/82,119.51,,8/1/82,165.04,,8/1/82,12.81,,8/1/82,660.17,,5/1/84,329.37,,6/1/00,2012.83
9/1/82,120.42,,9/1/82,163.47,,9/1/82,11.73,,9/1/82,640.87,,6/1/84,330.21,,7/1/00,1981.36
10/1/82,133.72,,10/1/82,163.65,,10/1/82,10.71,,10/1/82,637.15,,7/1/84,327.8,,8/1/00,2104.43
11/1/82,138.53,,11/1/82,176.16,,11/1/82,10.79,,11/1/82,662.58,,8/1/84,343.79,,9/1/00,1993.33
12/1/82,140.64,,12/1/82,189.78,,12/1/82,10.36,,12/1/82,655.05,,9/1/84,361.72,,10/1/00,1984.91
1/1/83,145.3,,1/1/83,187.65,,1/1/83,10.8,,1/1/83,659.62,,10/1/84,372.67,,11/1/00,1828.42
2/1/83,148.06,,2/1/83,192.35,,2/1/83,10.27,,2/1/83,652.08,,11/1/84,377.42,,12/1/00,1837.37
3/1/83,152.96,,3/1/83,199.34,,3/1/83,10.62,,3/1/83,696.02,,12/1/84,382.65,,1/1/01,1902.55
4/1/83,164.43,,4/1/83,210.22,,4/1/83,10.27,,4/1/83,702.84,,1/1/85,404.31,,2/1/01,1729.08
5/1/83,162.39,,5/1/83,208.69,,5/1/83,10.81,,5/1/83,706.54,,2/1/85,410.96,,3/1/01,1619.54
6/1/83,167.64,,6/1/83,212.96,,6/1/83,10.96,,6/1/83,715.59,,3/1/85,408.2,,4/1/01,1745.39
7/1/83,162.56,,7/1/83,212.98,,7/1/83,11.76,,7/1/83,740.79,,4/1/85,408.57,,5/1/01,1757.09
8/1/83,164.4,,8/1/83,209.11,,8/1/83,11.98,,8/1/83,753.78,,5/1/85,419.7,,6/1/01,1714.32
9/1/83,166.07,,9/1/83,216.76,,9/1/83,11.44,,9/1/83,733.3,,6/1/85,429.44,,7/1/01,1697.45
10/1/83,163.55,,10/1/83,216.1,,10/1/83,11.74,,10/1/83,724.35,,7/1/85,433.4,,8/1/01,1591.18
11/1/83,166.4,,11/1/83,220.76,,11/1/83,11.63,,11/1/83,724.98,,8/1/85,409.7,,9/1/01,1462.69
12/1/83,164.93,,12/1/83,229.47,,12/1/83,11.82,,12/1/83,761.53,,9/1/85,396.94,,10/1/01,1490.58
1/1/84,163.41,,1/1/84,239.26,,1/1/84,11.67,,1/1/84,769.52,,10/1/85,409.41,,11/1/01,1604.92
2/1/84,157.06,,2/1/84,240.95,,2/1/84,12.04,,2/1/84,773.2,,11/1/85,402.83,,12/1/01,1618.98
3/1/84,159.18,,3/1/84,263.09,,3/1/84,12.53,,3/1/84,811.16,,12/1/85,405.3,,1/1/02,1595.35
4/1/84,160.05,,4/1/84,258.24,,4/1/84,12.82,,4/1/84,802.04,,1/1/86,420.97,,2/1/02,1564.59
5/1/84,150.55,,5/1/84,231.54,,5/1/84,13.91,,5/1/84,825.33,,2/1/86,436.9,,3/1/02,1623.43
6/1/84,153.18,,6/1/84,230.79,,6/1/84,13.84,,6/1/84,806.68,,3/1/86,447.65,,4/1/02,1525
7/1/84,150.66,,7/1/84,215.55,,7/1/84,12.91,,7/1/84,752.5,,4/1/86,450.33,,5/1/02,1513.77
8/1/84,166.68,,8/1/84,233.36,,8/1/84,12.79,,8/1/84,784.8,,5/1/86,447.76,,6/1/02,1405.94
9/1/84,166.1,,9/1/84,230.86,,9/1/84,12.47,,9/1/84,778.64,,6/1/86,463.52,,7/1/02,1296.34
10/1/84,166.09,,10/1/84,236.2,,10/1/84,11.79,,10/1/84,782.2,,7/1/86,465.62,,8/1/02,1304.86
11/1/84,163.58,,11/1/84,236.66,,11/1/84,11.58,,11/1/84,785.17,,8/1/86,485.03,,9/1/02,1163.04
12/1/84,167.24,,12/1/84,240.99,,12/1/84,11.55,,12/1/84,769.53,,9/1/86,473.4,,10/1/02,1265.41
1/1/85,179.63,,1/1/85,245.97,,1/1/85,11.17,,1/1/85,779.24,,10/1/86,490.89,,11/1/02,1339.89
2/1/85,181.18,,2/1/85,244.1,,2/1/85,11.91,,2/1/85,769.01,,11/1/86,488.17,,12/1/02,1261.18
3/1/85,180.66,,3/1/85,262.58,,3/1/85,11.65,,3/1/85,802.25,,12/1/86,483.03,,1/1/03,1228.14
4/1/85,179.83,,4/1/85,261.21,,4/1/85,11.41,,4/1/85,776.3,,1/1/87,493.35,,2/1/03,1209.71
5/1/85,189.55,,5/1/85,271.83,,5/1/85,10.28,,5/1/85,776.22,,2/1/87,508.47,,3/1/03,1221.46
6/1/85,191.85,,6/1/85,278.33,,6/1/85,10.25,,6/1/85,753.6,,3/1/87,509.4,,4/1/03,1322.07
7/1/85,190.92,,7/1/85,292.18,,7/1/85,10.57,,7/1/85,736.66,,4/1/87,495.59,,5/1/03,1391.72
8/1/85,188.63,,8/1/85,301.04,,8/1/85,10.28,,8/1/85,747.69,,5/1/87,490.87,,6/1/03,1409.48
9/1/85,182.08,,9/1/85,318.11,,9/1/85,10.31,,9/1/85,790.21,,6/1/87,500.64,,7/1/03,1434.33
10/1/85,189.82,,10/1/85,339.19,,10/1/85,10.01,,10/1/85,847.43,,7/1/87,501.13,,8/1/03,1462.3
11/1/85,202.17,,11/1/85,352.53,,11/1/85,9.59,,11/1/85,862.18,,8/1/87,491.61,,9/1/03,1446.77
12/1/85,211.28,,12/1/85,368.64,,12/1/85,9,,12/1/85,846.58,,9/1/87,481.52,,10/1/03,1528.62
1/1/86,211.78,,1/1/86,377.29,,1/1/86,9.08,,1/1/86,769.77,,10/1/87,412.75,,11/1/03,1542.07
2/1/86,226.92,,2/1/86,418.45,,2/1/86,8.13,,2/1/86,742.95,,11/1/87,416.69,,12/1/03,1622.94
3/1/86,238.9,,3/1/86,476.65,,3/1/86,7.39,,3/1/86,741.3,,12/1/87,431.49,,1/1/04,1652.73
4/1/86,235.52,,4/1/86,507.17,,4/1/86,7.38,,4/1/86,783.06,,1/1/88,467.03,,2/1/04,1675.7
5/1/86,247.35,,5/1/86,483.95,,5/1/86,8.05,,5/1/86,753.66,,2/1/88,478.28,,3/1/04,1650.42
6/1/86,250.84,,6/1/86,516.25,,6/1/86,7.35,,6/1/86,782.16,,3/1/88,479.24,,4/1/04,1624.51
7/1/86,236.12,,7/1/86,547.37,,7/1/86,7.34,,7/1/86,789.71,,4/1/88,483.18,,5/1/04,1646.8
8/1/86,252.93,,8/1/86,600.59,,8/1/86,6.95,,8/1/86,857.51,,5/1/88,477.65,,6/1/04,1678.83
9/1/86,231.32,,9/1/86,593.68,,9/1/86,7.45,,9/1/86,835.84,,6/1/88,490.02,,7/1/04,1623.26
10/1/86,243.98,,10/1/86,553.32,,10/1/86,7.34,,10/1/86,844.64,,7/1/88,496.21,,8/1/04,1629.83
11/1/86,249.22,,11/1/86,584.56,,11/1/86,7.15,,11/1/86,870.21,,8/1/88,493.06,,9/1/04,1647.48
12/1/86,242.17,,12/1/86,614.89,,12/1/86,7.23,,12/1/86,863.89,,9/1/88,491.37,,10/1/04,1672.65
1/1/87,274.08,,1/1/87,679.52,,1/1/87,7.18,,1/1/87,913.31,,10/1/88,487.72,,11/1/04,1740.33
2/1/87,284.2,,2/1/87,699.19,,2/1/87,7.19,,2/1/87,858.47,,11/1/88,479.91,,12/1/04,1799.55
3/1/87,291.7,,3/1/87,755.78,,3/1/87,7.51,,3/1/87,927.82,,12/1/88,480.49,,1/1/05,1755.68
4/1/87,288.36,,4/1/87,834.98,,4/1/87,8.21,,4/1/87,974.43,,1/1/89,482.69,,2/1/05,1792.63
5/1/87,290.1,,5/1/87,834.24,,5/1/87,8.49,,5/1/87,"1,019.42",,2/1/89,474.71,,3/1/05,1760.89
6/1/87,304,,6/1/87,806.92,,6/1/87,8.38,,6/1/87,"1,055.85",,3/1/89,474.58,,4/1/05,1727.49
7/1/87,318.66,,7/1/87,804.78,,7/1/87,8.66,,7/1/87,"1,102.97",,4/1/89,482.52,,5/1/05,1782.46
8/1/87,329.8,,8/1/87,864.37,,8/1/87,9,,8/1/87,"1,080.63",,5/1/89,493.99,,6/1/05,1784.99
9/1/87,321.83,,9/1/87,850.02,,9/1/87,9.63,,9/1/87,"1,088.60",,6/1/89,498.3,,7/1/05,1851.37
10/1/87,251.79,,10/1/87,730.12,,10/1/87,8.88,,10/1/87,"1,100.05",,7/1/89,510.15,,8/1/05,1834.48
11/1/87,230.3,,11/1/87,736.46,,11/1/87,8.99,,11/1/87,"1,099.82",,8/1/89,510.65,,9/1/05,1849.33
12/1/87,247.08,,12/1/87,757.45,,12/1/87,8.83,,12/1/87,"1,069.27",,9/1/89,504.61,,10/1/05,1818.5
1/1/88,257.07,,1/1/88,770.13,,1/1/88,8.26,,1/1/88,"1,097.69",,10/1/89,483.76,,11/1/05,1887.28
2/1/88,267.82,,2/1/88,820.64,,2/1/88,8.16,,2/1/88,"1,085.56",,11/1/89,477.21,,12/1/05,1887.94
3/1/88,258.89,,3/1/88,870.17,,3/1/88,8.57,,3/1/88,"1,140.29",,12/1/89,471.78,,1/1/06,1937.93
4/1/88,261.33,,4/1/88,881.86,,4/1/88,8.87,,4/1/88,"1,175.63",,1/1/90,461.26,,2/1/06,1943.19
5/1/88,262.16,,5/1/88,852.69,,5/1/88,9.2,,5/1/88,"1,217.15",,2/1/90,445.44,,3/1/06,1967.38
6/1/88,273.5,,6/1/88,829.33,,6/1/88,8.82,,6/1/88,"1,183.15",,3/1/90,446.18,,4/1/06,1993.79
7/1/88,272.02,,7/1/88,854.47,,7/1/88,9.12,,7/1/88,"1,190.15",,4/1/90,439.33,,5/1/06,1936.41
8/1/88,261.52,,8/1/88,798.04,,8/1/88,9.25,,8/1/88,"1,182.11",,5/1/90,439.19,,6/1/06,1939.03
9/1/88,271.91,,9/1/88,832.02,,9/1/88,8.87,,9/1/88,"1,149.83",,6/1/90,442.54,,7/1/06,1951
10/1/88,278.97,,10/1/88,902.29,,10/1/88,8.65,,10/1/88,"1,205.49",,7/1/90,434.58,,8/1/06,1997.42
11/1/88,273.7,,11/1/88,955.06,,11/1/88,9.06,,11/1/88,"1,274.76",,8/1/90,408.04,,9/1/06,2048.89
12/1/88,277.72,,12/1/88,959.4,,12/1/88,9.14,,12/1/88,"1,367.97",,9/1/90,379.76,,10/1/06,2115.65
1/1/89,297.47,,1/1/89,975.35,,1/1/89,9.01,,1/1/89,"1,373.60",,10/1/90,366.46,,11/1/06,2155.89
2/1/89,288.86,,2/1/89,979.41,,2/1/89,9.32,,2/1/89,"1,432.68",,11/1/90,389.8,,12/1/06,2186.13
3/1/89,294.87,,3/1/89,959.23,,3/1/89,9.3,,3/1/89,"1,529.34",,12/1/90,389.95,,1/1/07,2219.19
4/1/89,309.64,,4/1/89,967.16,,4/1/89,9.02,,4/1/89,"1,577.91",,1/1/91,424.12,,2/1/07,2175.78
5/1/89,320.52,,5/1/89,913.6,,5/1/89,8.6,,5/1/89,"1,557.74",,2/1/91,444.98,,3/1/07,2200.12
6/1/89,317.98,,6/1/89,897.3,,6/1/89,8.1,,6/1/89,"1,612.21",,3/1/91,478.9,,4/1/07,2297.58
7/1/89,346.08,,7/1/89,1008.99,,7/1/89,7.82,,7/1/89,"1,566.91",,4/1/91,490.28,,5/1/07,2377.75
8/1/89,351.45,,8/1/89,962.66,,8/1/89,8.26,,8/1/89,"1,621.35",,5/1/91,501.85,,6/1/07,2338.25
9/1/89,349.15,,9/1/89,1005.5,,9/1/89,8.31,,9/1/89,"1,717.92",,6/1/91,488.84,,7/1/07,2265.75
10/1/89,340.36,,10/1/89,964.11,,10/1/89,7.92,,10/1/89,"1,705.83",,7/1/91,498.27,,8/1/07,2299.71
11/1/89,345.99,,11/1/89,1011.55,,11/1/89,7.84,,11/1/89,"1,733.35",,8/1/91,498.57,,9/1/07,2385.72
12/1/89,353.4,,12/1/89,1047.86,,12/1/89,7.93,,12/1/89,"1,891.64",,9/1/91,508.2,,10/1/07,2423.67
1/1/90,329.08,,1/1/90,1007.8,,1/1/90,8.43,,1/1/90,"1,883.36",,10/1/91,505.06,,11/1/07,2322.34
2/1/90,331.89,,2/1/90,936.39,,2/1/90,8.51,,2/1/90,"1,877.21",,11/1/91,505.18,,12/1/07,2306.23
3/1/90,339.94,,3/1/90,837.74,,3/1/90,8.65,,3/1/90,"1,890.95",,12/1/91,529.08,,1/1/08,2167.9
4/1/90,330.8,,4/1/90,830,,4/1/90,9.04,,4/1/90,"1,871.12",,1/1/92,555.27,,2/1/08,2097.48
5/1/90,361.23,,5/1/90,923.6,,5/1/90,8.6,,5/1/90,"1,857.30",,2/1/92,542.38,,3/1/08,2088.42
6/1/90,358.02,,6/1/90,914.3,,6/1/90,8.43,,6/1/90,"1,828.55",,3/1/92,534.31,,4/1/08,2190.13
7/1/90,356.15,,7/1/90,925.96,,7/1/90,8.36,,7/1/90,"1,979.47",,4/1/92,535.51,,5/1/08,2218.5
8/1/90,322.56,,8/1/90,834.82,,8/1/90,8.86,,8/1/90,"2,307.85",,5/1/92,552.75,,6/1/08,2031.47
9/1/90,306.05,,9/1/90,717.24,,9/1/90,8.82,,9/1/90,"2,837.27",,6/1/92,546.05,,7/1/08,2014.39
10/1/90,304,,10/1/90,827.71,,10/1/90,8.65,,10/1/90,"2,665.57",,7/1/92,564.53,,8/1/08,2043.53
11/1/90,322.22,,11/1/90,777.6,,11/1/90,8.26,,11/1/90,"2,490.60",,8/1/92,559.65,,9/1/08,1861.44
12/1/90,330.22,,12/1/90,788.98,,12/1/90,8.08,,12/1/90,"2,441.68",,9/1/92,573,,10/1/08,1548.81
1/1/91,343.93,,1/1/91,813.17,,1/1/91,8.03,,1/1/91,"2,212.46",,10/1/92,571.12,,11/1/08,1437.68
2/1/91,367.07,,2/1/91,899.06,,2/1/91,8.02,,2/1/91,"2,243.23",,11/1/92,582.24,,12/1/08,1452.98
3/1/91,375.22,,3/1/91,843.88,,3/1/91,8.05,,3/1/91,"2,327.67",,12/1/92,593.49,,1/1/09,1330.51
4/1/91,375.34,,4/1/91,851.01,,4/1/91,8.02,,4/1/91,"2,380.39",,1/1/93,631.29,,2/1/09,1188.84
5/1/91,389.83,,5/1/91,858.71,,5/1/91,8.06,,5/1/91,"2,379.17",,2/1/93,661.04,,3/1/09,1292.98
6/1/91,371.16,,6/1/91,794.46,,6/1/91,8.24,,6/1/91,"2,322.83",,3/1/93,706.94,,4/1/09,1416.73
7/1/91,387.81,,7/1/91,832.3,,7/1/91,8.2,,7/1/91,"2,441.43",,4/1/93,675.78,,5/1/09,1495.97
8/1/91,395.43,,8/1/91,814.18,,8/1/91,7.82,,8/1/91,"2,479.07",,5/1/93,667.53,,6/1/09,1498.94
9/1/91,387.86,,9/1/91,858.85,,9/1/91,7.47,,9/1/91,"2,498.64",,6/1/93,687.12,,7/1/09,1612.31
10/1/91,392.45,,10/1/91,869.77,,10/1/91,7.47,,10/1/91,"2,570.31",,7/1/93,698.72,,8/1/09,1670.52
11/1/91,375.22,,11/1/91,827.91,,11/1/91,7.38,,11/1/91,"2,466.49",,8/1/93,715.48,,9/1/09,1732.86
12/1/91,417.09,,12/1/91,869.35,,12/1/91,6.71,,12/1/91,"2,291.90",,9/1/93,748.12,,10/1/09,1700.67
1/1/92,408.78,,1/1/92,849.52,,1/1/92,7.31,,1/1/92,"2,354.91",,10/1/93,738.7,,11/1/09,1802.68
2/1/92,412.7,,2/1/92,817.86,,2/1/92,7.27,,2/1/92,"2,329.08",,11/1/93,703.76,,12/1/09,1837.5
3/1/92,403.69,,3/1/92,762.62,,3/1/92,7.54,,3/1/92,"2,355.11",,12/1/93,703.57,,1/1/10,1771.4
4/1/92,414.95,,4/1/92,764.95,,4/1/92,7.61,,4/1/92,"2,425.68",,1/1/94,724.61,,2/1/10,1826.27
5/1/92,415.35,,5/1/92,814.85,,5/1/92,7.33,,5/1/92,"2,490.85",,2/1/94,749.56,,3/1/10,1936.48
6/1/92,408.14,,6/1/92,774.89,,6/1/92,7.14,,6/1/92,"2,477.12",,3/1/94,719.38,,4/1/10,1967.05
7/1/92,424.21,,7/1/92,753.71,,7/1/92,6.72,,7/1/92,"2,442.60",,4/1/94,731.05,,5/1/10,1809.98
8/1/92,414.03,,8/1/92,799.58,,8/1/92,6.62,,8/1/92,"2,445.16",,5/1/94,745.91,,6/1/10,1715.23
9/1/92,417.8,,9/1/92,782.45,,9/1/92,6.37,,9/1/92,"2,473.19",,6/1/94,729.72,,7/1/10,1835.4
10/1/92,418.68,,10/1/92,740.17,,10/1/92,6.8,,10/1/92,"2,418.81",,7/1/94,727.87,,8/1/10,1752.55
11/1/92,431.35,,11/1/92,745.94,,11/1/92,6.95,,11/1/92,"2,387.88",,8/1/94,731.91,,9/1/10,1908.95
12/1/92,435.71,,12/1/92,748.62,,12/1/92,6.7,,12/1/92,"2,393.26",,9/1/94,717.04,,10/1/10,1981.59
1/1/93,438.78,,1/1/93,747.35,,1/1/93,6.39,,1/1/93,"2,422.28",,10/1/94,690.44,,11/1/10,1981.84
2/1/93,443.38,,2/1/93,768.77,,2/1/93,6.03,,2/1/93,"2,450.42",,11/1/94,668,,12/1/10,2114.29
3/1/93,451.67,,3/1/93,834.61,,3/1/93,6.03,,3/1/93,"2,501.49",,12/1/94,709.24,,1/1/11,2164.4
4/1/93,440.19,,4/1/93,912.59,,4/1/93,6.05,,4/1/93,"2,474.61",,1/1/95,698.71,,2/1/11,2238.55
5/1/93,450.19,,5/1/93,930.65,,5/1/93,6.16,,5/1/93,"2,405.75",,2/1/95,721.39,,3/1/11,2239.44
6/1/93,450.53,,6/1/93,914.94,,6/1/93,5.8,,6/1/93,"2,330.46",,3/1/95,717.09,,4/1/11,2305.76
7/1/93,448.13,,7/1/93,945.8,,7/1/93,5.83,,7/1/93,"2,310.31",,4/1/95,718.71,,5/1/11,2279.66
8/1/93,463.56,,8/1/93,995.68,,8/1/93,5.45,,8/1/93,"2,329.33",,5/1/95,751.07,,6/1/11,2241.66
9/1/93,458.93,,9/1/93,972.07,,9/1/93,5.4,,9/1/93,"2,335.26",,6/1/95,764.39,,7/1/11,2196.08
10/1/93,467.83,,10/1/93,1000.85,,10/1/93,5.39,,10/1/93,"2,251.36",,7/1/95,776.34,,8/1/11,2076.78
11/1/93,461.79,,11/1/93,912.19,,11/1/93,5.8,,11/1/93,"2,138.44",,8/1/95,787.89,,9/1/11,1930.79
12/1/93,466.45,,12/1/93,976.9,,12/1/93,5.78,,12/1/93,"2,098.21",,9/1/95,802.31,,10/1/11,2141.81
1/1/94,481.61,,1/1/94,1058.31,,1/1/94,5.64,,1/1/94,"2,269.05",,10/1/95,787.55,,11/1/11,2137.08
2/1/94,467.14,,2/1/94,1054.18,,2/1/94,6.15,,2/1/94,"2,219.72",,11/1/95,795.45,,12/1/11,2158.94
3/1/94,445.77,,3/1/94,1007.55,,3/1/94,6.77,,3/1/94,"2,193.29",,12/1/95,839.09,,1/1/12,2255.69
4/1/94,450.91,,4/1/94,1049.07,,4/1/94,7.04,,4/1/94,"2,250.73",,1/1/96,855.16,,2/1/12,2353.23
5/1/94,456.5,,5/1/94,1041.82,,5/1/94,7.15,,5/1/94,"2,284.22",,2/1/96,861.75,,3/1/12,2430.67
6/1/94,444.27,,6/1/94,1055.28,,6/1/94,7.33,,6/1/94,"2,340.41",,3/1/96,860.51,,4/1/12,2415.42
7/1/94,458.26,,7/1/94,1064.17,,7/1/94,7.1,,7/1/94,"2,380.70",,4/1/96,863.31,,5/1/12,2270.25
8/1/94,475.49,,8/1/94,1088.09,,8/1/94,7.17,,8/1/94,"2,220.25",,5/1/96,886.74,,6/1/12,2363.79
9/1/94,462.71,,9/1/94,1052.51,,9/1/94,7.6,,9/1/94,"2,199.35",,6/1/96,898.96,,7/1/12,2396.62
10/1/94,472.35,,10/1/94,1086.22,,10/1/94,7.79,,10/1/94,"2,209.26",,7/1/96,906.7,,8/1/12,2450.6
11/1/94,453.69,,11/1/94,1032.7,,11/1/94,7.89,,11/1/94,"2,136.92",,8/1/96,943.59,,9/1/12,2513.93
12/1/94,459.27,,12/1/94,1037.86,,12/1/94,7.83,,12/1/94,"2,209.27",,9/1/96,960,,10/1/12,2467.51
1/1/95,470.42,,1/1/95,996.67,,1/1/95,7.59,,1/1/95,"2,154.37",,10/1/96,990.8,,11/1/12,2481.82
2/1/95,487.39,,2/1/95,992.45,,2/1/95,7.21,,2/1/95,"2,171.77",,11/1/96,"1,035.88",,12/1/12,2504.44
3/1/95,500.71,,3/1/95,1052.89,,3/1/95,7.19,,3/1/95,"2,201.35",,12/1/96,"1,139.10",,1/1/13,2634.16
4/1/95,514.71,,4/1/95,1091.01,,4/1/95,7.05,,4/1/95,"2,268.75",,1/1/97,"1,151.78",,2/1/13,2669.92
5/1/95,533.4,,5/1/95,1076.54,,5/1/95,6.29,,5/1/95,"2,249.60",,2/1/97,"1,152.77",,3/1/13,2770.05
6/1/95,544.75,,6/1/95,1056.17,,6/1/95,6.2,,6/1/95,"2,209.46",,3/1/97,"1,142.11",,4/1/13,2823.42
7/1/95,562.06,,7/1/95,1120.42,,7/1/95,6.43,,7/1/95,"2,267.16",,4/1/97,"1,116.07",,5/1/13,2889.46
8/1/95,561.88,,8/1/95,1076.25,,8/1/95,6.27,,8/1/95,"2,315.22",,5/1/97,"1,151.79",,6/1/13,2850.66
9/1/95,584.41,,9/1/95,1095.8,,9/1/95,6.16,,9/1/95,"2,325.00",,6/1/97,"1,207.07",,7/1/13,2995.72
10/1/95,581.5,,10/1/95,1064.88,,10/1/95,6,,10/1/95,"2,348.40",,7/1/97,"1,243.20",,8/1/13,2908.96
11/1/95,605.37,,11/1/95,1093.06,,11/1/95,5.75,,11/1/95,"2,411.80",,8/1/97,"1,240.70",,9/1/13,3000.18
12/1/95,615.93,,12/1/95,1135.63,,12/1/95,5.58,,12/1/95,"2,658.46",,9/1/97,"1,339.81",,10/1/13,3138.09
1/1/96,636.02,,1/1/96,1138.87,,1/1/96,5.58,,1/1/96,"2,654.16",,10/1/97,"1,305.67",,11/1/13,3233.72
2/1/96,640.43,,2/1/96,1141.23,,2/1/96,6.11,,2/1/96,"2,760.56",,11/1/97,"1,327.80",,12/1/13,3315.59
3/1/96,645.5,,3/1/96,1163.96,,3/1/96,6.33,,3/1/96,"2,940.00",,12/1/97,"1,353.94",,1/1/14,3200.95
4/1/96,654.17,,4/1/96,1196.3,,4/1/96,6.63,,4/1/96,"3,109.74",,1/1/98,"1,347.61",,2/1/14,3347.38
5/1/96,669.12,,5/1/96,1172.77,,5/1/96,6.84,,5/1/96,"3,085.18",,2/1/98,"1,324.74",,3/1/14,3375.51
6/1/96,670.63,,6/1/96,1177.85,,6/1/96,6.71,,6/1/96,"3,204.88",,3/1/98,"1,346.59",,4/1/14,3400.46
7/1/96,639.95,,7/1/96,1141.88,,7/1/96,6.79,,7/1/96,"3,053.21",,4/1/98,"1,303.30",,5/1/14,3480.29
8/1/96,651.99,,8/1/96,1142.83,,8/1/96,6.94,,8/1/96,"3,151.53",,5/1/98,"1,292.25",,6/1/14,3552.18
9/1/96,687.33,,9/1/96,1171.65,,9/1/96,6.7,,9/1/96,"3,263.30",,6/1/98,"1,284.19",,7/1/14,3503.19
10/1/96,705.27,,10/1/96,1158.11,,10/1/96,6.35,,10/1/96,"3,255.23",,7/1/98,"1,200.01",,8/1/14,3643.33
11/1/96,757.02,,11/1/96,1202.61,,11/1/96,6.04,,11/1/96,"3,526.12",,8/1/98,"1,075.84",,9/1/14,3592.25
12/1/96,740.74,,12/1/96,1185.57,,12/1/96,6.41,,12/1/96,"3,560.13",,9/1/98,"1,144.13",,10/1/14,3679.99
1/1/97,786.16,,1/1/97,1142.58,,1/1/97,6.5,,1/1/97,"3,507.79",,10/1/98,"1,112.97",,11/1/14,3778.96
2/1/97,790.82,,2/1/97,1159.75,,2/1/97,6.54,,2/1/97,"3,265.97",,11/1/98,"1,133.23",,12/1/14,3769.44
3/1/97,757.12,,3/1/97,1162.4,,3/1/97,6.91,,3/1/97,"3,321.06",,12/1/98,"1,099.09",,1/1/15,3656.28
4/1/97,801.34,,4/1/97,1167.03,,4/1/97,6.7,,4/1/97,"3,397.89",,1/1/99,"1,077.24",,2/1/15,3866.42
5/1/97,848.28,,5/1/97,1241.39,,5/1/97,6.66,,5/1/97,"3,422.19",,2/1/99,"1,048.32",,3/1/15,3805.27
6/1/97,885.14,,6/1/97,1308.28,,6/1/97,6.5,,6/1/97,"3,237.05",,3/1/99,"1,043.05",,4/1/15,3841.78
7/1/97,954.31,,7/1/97,1327.92,,7/1/97,6,,7/1/97,"3,369.67",,4/1/99,"1,144.33",,5/1/15,3891.18
8/1/97,899.47,,8/1/97,1227.21,,8/1/97,6.33,,8/1/97,"3,454.89",,5/1/99,"1,169.51",,6/1/15,3815.85
9/1/97,947.28,,9/1/97,1294.42,,9/1/97,6.11,,9/1/97,"3,542.28",,6/1/99,"1,153.42",,7/1/15,3895.8
10/1/97,914.62,,10/1/97,1193.35,,10/1/97,5.82,,10/1/97,"3,639.73",,7/1/99,"1,111.09",,8/1/15,3660.75
11/1/97,955.4,,11/1/97,1179.63,,11/1/97,5.85,,11/1/97,"3,280.88",,8/1/99,"1,086.83",,9/1/15,3570.17
12/1/97,970.43,,12/1/97,1188.39,,12/1/97,5.74,,12/1/97,"3,059.17",,9/1/99,"1,046.38",,10/1/15,3871.33
1/1/98,980.28,,1/1/98,1241.2,,1/1/98,5.51,,1/1/98,"3,009.87",,10/1/99,"1,019.39",,11/1/15,3882.84
2/1/98,1049.34,,2/1/98,1319.25,,2/1/98,5.62,,2/1/98,"2,811.26",,11/1/99,997.96,,12/1/15,3821.6
3/1/98,1101.75,,3/1/98,1358.27,,3/1/98,5.66,,3/1/98,"2,796.66",,12/1/99,"1,027.92",,1/1/16,3631.96
4/1/98,1111.75,,4/1/98,1367.39,,4/1/98,5.67,,4/1/98,"2,720.40",,1/1/00,"1,031.41",,2/1/16,3627.06
5/1/98,1090.82,,5/1/98,1359.14,,5/1/98,5.55,,5/1/98,"2,592.06",,2/1/00,"1,017.95",,3/1/16,3873.11
6/1/98,1133.84,,6/1/98,1367.81,,6/1/98,5.43,,6/1/98,"2,500.16",,3/1/00,"1,050.95",,4/1/16,3888.13
7/1/98,1120.67,,7/1/98,1380.06,,7/1/98,5.49,,7/1/98,"2,303.62",,4/1/00,"1,120.17",,5/1/16,3957.95
8/1/98,957.28,,8/1/98,1207.45,,8/1/98,5.03,,8/1/98,"2,167.67",,5/1/00,"1,131.89",,6/1/16,3968.21
9/1/98,1017.01,,9/1/98,1168.77,,9/1/98,4.41,,9/1/98,"2,389.22",,6/1/00,"1,161.92",,7/1/16,4114.51
10/1/98,1098.67,,10/1/98,1288.93,,10/1/98,4.6,,10/1/98,"2,277.14",,7/1/00,"1,260.66",,8/1/16,4120.29
11/1/98,1163.63,,11/1/98,1353.32,,11/1/98,4.73,,11/1/98,"2,000.07",,8/1/00,"1,210.66",,9/1/16,4121.06
12/1/98,1229.23,,12/1/98,1405.04,,12/1/98,4.64,,12/1/98,"1,965.65",,9/1/00,"1,249.59",,10/1/16,4045.89
1/1/99,1279.64,,1/1/99,1399.24,,1/1/99,4.65,,1/1/99,"1,974.23",,10/1/00,"1,196.02",,11/1/16,4195.73
2/1/99,1238.33,,2/1/99,1364.23,,2/1/99,5.27,,2/1/99,"1,883.29",,11/1/00,"1,210.26",,12/1/16,4278.66
3/1/99,1286.37,,3/1/99,1419.51,,3/1/99,5.23,,3/1/99,"2,201.42",,12/1/00,"1,294.05",,1/1/17,4359.81
4/1/99,1335.18,,4/1/99,1475.36,,4/1/99,5.35,,4/1/99,"2,292.40",,1/1/01,"1,312.88",,2/1/17,4532.93
5/1/99,1301.84,,5/1/99,1397.72,,5/1/99,5.61,,5/1/99,"2,167.31",,2/1/01,"1,295.87",,3/1/17,4538.21
6/1/99,1372.71,,6/1/99,1450.56,,6/1/99,5.81,,6/1/99,"2,306.70",,3/1/01,"1,307.67",,4/1/17,4584.82
7/1/99,1328.72,,7/1/99,1491.97,,7/1/99,5.91,,7/1/99,"2,389.45",,4/1/01,"1,342.06",,5/1/17,4649.34
8/1/99,1320.41,,8/1/99,1495.71,,8/1/99,5.98,,8/1/99,"2,557.63",,5/1/01,"1,376.06",,6/1/17,4678.36
9/1/99,1282.71,,9/1/99,1509.06,,9/1/99,5.89,,9/1/99,"2,693.28",,6/1/01,"1,456.51",,7/1/17,4774.56
10/1/99,1362.93,,10/1/99,1563.88,,10/1/99,6,,10/1/99,"2,554.39",,7/1/01,"1,431.32",,8/1/17,4789.18
11/1/99,1388.91,,11/1/99,1616.56,,11/1/99,6.16,,11/1/99,"2,657.75",,8/1/01,"1,479.80",,9/1/17,4887.97
12/1/99,1469.25,,12/1/99,1760.04,,12/1/99,6.44,,12/1/99,"2,770.00",,9/1/01,"1,420.49",,10/1/17,5002.03
1/1/00,1394.46,,1/1/00,1646.62,,1/1/00,6.67,,1/1/00,"2,970.29",,10/1/01,"1,382.22",,11/1/17,5155.44
2/1/00,1366.42,,2/1/00,1689.34,,2/1/00,6.41,,2/1/00,"3,155.86",,11/1/01,"1,456.21",,12/1/17,5212.76
3/1/00,1498.58,,3/1/00,1753.16,,3/1/00,6.02,,3/1/00,"3,119.23",,12/1/01,"1,494.65",,1/1/18,5511.21
4/1/00,1452.43,,4/1/00,1659.28,,4/1/00,6.21,,4/1/00,"3,090.82",,1/1/02,"1,500.34",,2/1/18,5308.09
5/1/00,1420.6,,5/1/00,1617.13,,5/1/00,6.29,,5/1/00,"3,436.91",,2/1/02,"1,527.50",,3/1/18,5173.19
6/1/00,1454.6,,6/1/00,1678.61,,6/1/00,6.02,,6/1/00,"3,681.85",,3/1/02,"1,618.94",,4/1/18,5193.04
7/1/00,1430.83,,7/1/00,1606.61,,7/1/00,6.03,,7/1/00,"3,399.09",,4/1/02,"1,640.20",,5/1/18,5318.1
8/1/00,1517.68,,8/1/00,1618.94,,8/1/00,5.73,,8/1/00,"3,922.85",,5/1/02,"1,663.91",,6/1/18,5350.83
9/1/00,1436.51,,9/1/00,1538.51,,9/1/00,5.78,,9/1/00,"3,869.14",,6/1/02,"1,709.47",,7/1/18,5549.96
10/1/00,1429.4,,10/1/00,1500.6,,10/1/00,5.76,,10/1/00,"3,877.86",,7/1/02,"1,623.17",,8/1/18,5730.8
11/1/00,1314.95,,11/1/00,1442.76,,11/1/00,5.44,,11/1/00,"4,235.22",,8/1/02,"1,622.78",,9/1/18,5763.42
12/1/00,1320.28,,12/1/00,1492.41,,12/1/00,5.11,,12/1/00,"4,147.90",,9/1/02,"1,558.64",,10/1/18,5369.49
1/1/01,1366.01,,1/1/01,1491.3,,1/1/01,5.18,,1/1/01,"3,927.75",,10/1/02,"1,487.43",,11/1/18,5478.91
2/1/01,1239.94,,2/1/01,1378.2,,2/1/01,4.91,,2/1/01,"3,872.93",,11/1/02,"1,554.81",,12/1/18,4984.22
3/1/01,1160.33,,3/1/01,1282.99,,3/1/01,4.92,,3/1/01,"3,721.13",,12/1/02,"1,572.61",,1/1/19,5383.63
4/1/01,1249.46,,4/1/01,1369.47,,4/1/01,5.34,,4/1/01,"3,920.97",,1/1/03,"1,528.74",,2/1/19,5556.49
5/1/01,1255.82,,5/1/01,1317.21,,5/1/01,5.41,,5/1/01,"3,809.28",,2/1/03,"1,553.50",,3/1/19,5664.46
6/1/01,1224.38,,6/1/01,1261.5,,6/1/01,5.39,,6/1/01,"3,533.71",,3/1/03,"1,585.62",,4/1/19,5893.81
7/1/01,1211.23,,7/1/01,1238.01,,7/1/01,5.04,,7/1/01,"3,542.17",,4/1/03,"1,661.26",,5/1/19,5519.27
8/1/01,1133.58,,8/1/01,1204.49,,8/1/01,4.82,,8/1/01,"3,576.03",,5/1/03,"1,762.95",,6/1/19,5908.25
9/1/01,1040.94,,9/1/01,1080.95,,9/1/01,4.58,,9/1/01,"3,184.24",,6/1/03,"1,808.81",,7/1/19,5993.17
10/1/01,1059.78,,10/1/01,1108.34,,10/1/01,4.26,,10/1/01,"3,023.67",,7/1/03,"1,903.50",,8/1/19,5898.23
11/1/01,1139.45,,11/1/01,1148.35,,11/1/01,4.74,,11/1/01,"2,861.28",,8/1/03,"1,911.69",,9/1/19,6008.59
12/1/01,1148.08,,12/1/01,1154.96,,12/1/01,5.03,,12/1/01,"2,823.35",,9/1/03,"1,971.87",,10/1/19,6138.73
1/1/02,1130.2,,1/1/02,1093.11,,1/1/02,5.03,,1/1/02,"2,735.26",,10/1/03,"2,014.35",,11/1/19,6361.56
2/1/02,1106.73,,2/1/02,1099.39,,2/1/02,4.86,,2/1/02,"2,854.74",,11/1/03,"2,105.34",,12/1/19,6553.57
3/1/02,1147.39,,3/1/02,1155.6,,3/1/02,5.41,,3/1/02,"3,239.61",,12/1/03,"2,177.53",,1/1/20,6551
4/1/02,1076.92,,4/1/02,1160.74,,4/1/02,5.09,,4/1/02,"3,275.47",,1/1/04,"2,271.21",,2/1/20,6011.73
5/1/02,1067.14,,5/1/02,1171.51,,5/1/02,5.04,,5/1/02,"3,132.95",,2/1/04,"2,321.02",,3/1/20,5269.2
6/1/02,989.82,,6/1/02,1123.01,,6/1/02,4.82,,6/1/02,"3,240.01",,3/1/04,"2,450.94",,4/1/20,5944.68
7/1/02,911.62,,7/1/02,1011.34,,7/1/02,4.47,,7/1/02,"3,258.75",,4/1/04,"2,076.83",,5/1/20,6227.81
8/1/02,916.07,,8/1/02,1006.55,,8/1/02,4.14,,8/1/02,"3,455.84",,5/1/04,"2,223.50",,6/1/20,6351.67
9/1/02,815.28,,9/1/02,897.05,,9/1/02,3.61,,9/1/02,"3,613.65",,6/1/04,"2,290.04",,7/1/20,6709.81
10/1/02,885.76,,10/1/02,944.62,,10/1/02,3.91,,10/1/02,"3,443.14",,7/1/04,"2,291.01",,8/1/20,7192.11
11/1/02,936.31,,11/1/02,986.38,,11/1/02,4.21,,11/1/02,"3,435.66",,8/1/04,"2,471.59",,9/1/20,6918.83
12/1/02,879.82,,12/1/02,952.65,,12/1/02,3.82,,12/1/02,"3,728.76",,9/1/04,"2,476.38",,10/1/20,6734.84
1/1/03,855.7,,1/1/03,912.39,,1/1/03,3.98,,1/1/03,"4,064.02",,10/1/04,"2,588.96",,11/1/20,7472.06
2/1/03,841.15,,2/1/03,889.82,,2/1/03,3.7,,2/1/03,"4,556.68",,11/1/04,"2,709.02",,12/1/20,7759.35
3/1/03,848.18,,3/1/03,868.55,,3/1/03,3.82,,3/1/03,"3,900.01",,12/1/04,"2,839.70",,,7970.92
4/1/03,916.92,,4/1/03,950.03,,4/1/03,3.86,,4/1/03,"3,660.66",,1/1/05,"2,615.03",,,7970.92
5/1/03,963.59,,5/1/03,1003.78,,5/1/03,3.35,,5/1/03,"4,011.64",,2/1/05,"2,673.98",,,
6/1/03,974.5,,6/1/03,1025.74,,6/1/03,3.53,,6/1/03,"4,020.44",,3/1/05,"2,624.25",,,
7/1/03,990.31,,7/1/03,1049.47,,7/1/03,4.47,,7/1/03,"4,049.07",,4/1/05,"2,747.03",,,
8/1/03,1008.01,,8/1/03,1072.14,,8/1/03,4.45,,8/1/03,"4,214.54",,5/1/05,"2,845.25",,,
9/1/03,995.97,,9/1/03,1103.39,,9/1/03,3.94,,9/1/03,"4,042.42",,6/1/05,"2,978.97",,,
10/1/03,1050.71,,10/1/03,1171.47,,10/1/03,4.3,,10/1/03,"4,130.98",,7/1/05,"3,174.61",,,
11/1/03,1058.2,,11/1/03,1195.82,,11/1/03,4.32,,11/1/03,"4,236.69",,8/1/05,"3,039.81",,,
12/1/03,1111.92,,12/1/03,1288.77,,12/1/03,4.26,,12/1/03,"4,501.27",,9/1/05,"3,036.75",,,
1/1/04,1131.13,,1/1/04,1306.43,,1/1/04,4.14,,1/1/04,"4,518.91",,10/1/05,"2,953.72",,,
2/1/04,1144.94,,2/1/04,1334.96,,2/1/04,3.98,,2/1/04,"4,854.23",,11/1/05,"3,081.86",,,
3/1/04,1126.21,,3/1/04,1337.07,,3/1/04,3.84,,3/1/04,"4,951.78",,12/1/05,"3,075.06",,,
4/1/04,1107.3,,4/1/04,1302.92,,4/1/04,4.5,,4/1/04,"5,088.35",,1/1/06,"3,290.26",,,
5/1/04,1120.68,,5/1/04,1302.04,,5/1/04,4.66,,5/1/04,"5,323.78",,2/1/06,"3,337.77",,,
6/1/04,1140.84,,6/1/04,1327.98,,6/1/04,4.62,,6/1/04,"5,073.56",,3/1/06,"3,504.79",,,
7/1/04,1101.72,,7/1/04,1283.96,,7/1/04,4.48,,7/1/04,"5,466.90",,4/1/06,"3,396.04",,,
8/1/04,1104.24,,8/1/04,1286.26,,8/1/04,4.13,,8/1/04,"5,254.62",,5/1/06,"3,301.52",,,
9/1/04,1114.58,,9/1/04,1318.03,,9/1/04,4.12,,9/1/04,"5,917.43",,6/1/06,"3,466.31",,,
10/1/04,1130.2,,10/1/04,1362.19,,10/1/04,4.03,,10/1/04,"6,162.91",,7/1/06,"3,570.76",,,
11/1/04,1173.82,,11/1/04,1452.59,,11/1/04,4.36,,11/1/04,"5,864.79",,8/1/06,"3,692.92",,,
12/1/04,1211.92,,12/1/04,1515.48,,12/1/04,4.22,,12/1/04,"5,278.98",,9/1/06,"3,766.03",,,
1/1/05,1181.27,,1/1/05,1486.97,,1/1/05,4.13,,1/1/05,"5,635.92",,10/1/06,"4,004.00",,,
2/1/05,1203.6,,2/1/05,1548.6,,2/1/05,4.36,,2/1/05,"5,986.82",,11/1/06,"4,182.43",,,
3/1/05,1180.59,,3/1/05,1503.85,,3/1/05,4.5,,3/1/05,"6,439.38",,12/1/06,"4,131.39",,,
4/1/05,1156.85,,4/1/05,1462.87,,4/1/05,4.2,,4/1/05,"5,856.56",,1/1/07,"4,455.00",,,
5/1/05,1191.5,,5/1/05,1457.36,,5/1/05,4.01,,5/1/05,"5,813.64",,2/1/07,"4,325.12",,,
6/1/05,1191.33,,6/1/05,1473.72,,6/1/05,3.95,,6/1/05,"6,150.56",,3/1/07,"4,216.98",,,
7/1/05,1234.18,,7/1/05,1518.15,,7/1/05,4.29,,7/1/05,"6,488.55",,4/1/07,"4,221.58",,,
8/1/05,1220.33,,8/1/05,1552.51,,8/1/05,4.02,,8/1/05,"7,471.14",,5/1/07,"4,226.00",,,
9/1/05,1228.81,,9/1/05,1618.84,,9/1/05,4.33,,9/1/05,"7,472.48",,6/1/07,"3,843.94",,,
10/1/05,1207.01,,10/1/05,1570.83,,10/1/05,4.56,,10/1/05,"6,700.94",,7/1/07,"3,505.89",,,
11/1/05,1249.48,,11/1/05,1606.14,,11/1/05,4.5,,11/1/05,"6,443.10",,8/1/07,"3,698.61",,,
12/1/05,1248.29,,12/1/05,1680.13,,12/1/05,4.4,,12/1/05,"6,627.92",,9/1/07,"3,855.55",,,
1/1/06,1280.08,,1/1/06,1782.57,,1/1/06,4.53,,1/1/06,"6,915.18",,10/1/07,"3,886.98",,,
2/1/06,1280.66,,2/1/06,1776.42,,2/1/06,4.55,,2/1/06,"6,216.45",,11/1/07,"3,551.79",,,
3/1/06,1294.87,,3/1/06,1827.65,,3/1/06,4.85,,3/1/06,"6,535.38",,12/1/07,"3,394.71",,,
4/1/06,1310.61,,4/1/06,1910.15,,4/1/06,5.07,,4/1/06,"6,949.29",,1/1/08,"3,384.36",,,
5/1/06,1270.09,,5/1/06,1826.73,,5/1/06,5.11,,5/1/06,"6,895.81",,2/1/08,"3,254.17",,,
6/1/06,1270.2,,6/1/06,1822.88,,6/1/06,5.14,,6/1/06,"6,975.97",,3/1/08,"3,380.46",,,
7/1/06,1276.66,,7/1/06,1839.66,,7/1/06,4.99,,7/1/06,"7,115.85",,4/1/08,"3,586.71",,,
8/1/06,1303.82,,8/1/06,1885.49,,8/1/06,4.73,,8/1/06,"6,599.42",,5/1/08,"3,613.87",,,
9/1/06,1335.85,,9/1/06,1885.26,,9/1/06,4.63,,9/1/06,"5,892.86",,6/1/08,"3,207.18",,,
10/1/06,1377.94,,10/1/06,1957.65,,10/1/06,4.61,,10/1/06,"5,741.51",,7/1/08,"3,297.34",,,
11/1/06,1400.63,,11/1/06,2012.31,,11/1/06,4.46,,11/1/06,"6,058.91",,8/1/08,"3,363.51",,,
12/1/06,1418.3,,12/1/06,2074.48,,12/1/06,4.71,,12/1/06,"5,627.64",,9/1/08,"3,352.33",,,
1/1/07,1438.24,,1/1/07,2087.68,,1/1/07,4.83,,1/1/07,"5,498.77",,10/1/08,"2,339.06",,,
2/1/07,1406.82,,2/1/07,2102.26,,2/1/07,4.55,,2/1/07,"5,735.06",,11/1/08,"1,835.84",,,
3/1/07,1420.86,,3/1/07,2147.51,,3/1/07,4.65,,3/1/07,"5,920.55",,12/1/08,"2,127.27",,,
4/1/07,1482.37,,4/1/07,2235.4,,4/1/07,4.63,,4/1/07,"5,904.26",,1/1/09,"1,776.40",,,
5/1/07,1530.62,,5/1/07,2263.21,,5/1/07,4.89,,5/1/07,"5,812.55",,2/1/09,"1,430.65",,,
6/1/07,1503.35,,6/1/07,2262.24,,6/1/07,5.03,,6/1/07,"5,999.78",,3/1/09,"1,493.73",,,
7/1/07,1455.27,,7/1/07,2227.5,,7/1/07,4.77,,7/1/07,"6,332.53",,4/1/09,"1,911.60",,,
8/1/07,1473.99,,8/1/07,2187.29,,8/1/07,4.54,,8/1/07,"6,067.40",,5/1/09,"1,952.50",,,
9/1/07,1526.75,,9/1/07,2300.38,,9/1/07,4.58,,9/1/07,"6,687.84",,6/1/09,"1,904.29",,,
10/1/07,1549.38,,10/1/07,2388.74,,10/1/07,4.48,,10/1/07,"7,330.34",,7/1/09,"2,098.13",,,
11/1/07,1481.14,,11/1/07,2306.29,,11/1/07,3.97,,11/1/07,"7,059.31",,8/1/09,"2,354.60",,,
12/1/07,1468.36,,12/1/07,2253.36,,12/1/07,4.04,,12/1/07,"7,466.30",,9/1/09,"2,504.52",,,
1/1/08,1378.55,,1/1/08,2044.11,,1/1/08,3.64,,1/1/08,"7,464.40",,10/1/09,"2,384.26",,,
2/1/08,1330.63,,2/1/08,2070.06,,2/1/08,3.53,,2/1/08,"8,304.77",,11/1/09,"2,547.43",,,
3/1/08,1322.7,,3/1/08,2038.62,,3/1/08,3.43,,3/1/08,"8,207.26",,12/1/09,"2,711.15",,,
4/1/08,1385.59,,4/1/08,2139.53,,4/1/08,3.76,,4/1/08,"8,860.93",,1/1/10,"2,584.32",,,
5/1/08,1400.38,,5/1/08,2145.47,,5/1/08,4.05,,5/1/08,"9,667.63",,2/1/10,"2,715.02",,,
6/1/08,1280,,6/1/08,1967.19,,6/1/08,3.98,,6/1/08,"10,558.65",,3/1/10,"2,970.74",,,
7/1/08,1267.38,,7/1/08,1902.74,,7/1/08,3.98,,7/1/08,"9,267.72",,4/1/10,"3,166.23",,,
8/1/08,1282.83,,8/1/08,1821.06,,8/1/08,3.81,,8/1/08,"8,609.50",,5/1/10,"2,997.91",,,
9/1/08,1166.36,,9/1/08,1553.15,,9/1/08,3.83,,9/1/08,"7,538.31",,6/1/10,"2,862.01",,,
10/1/08,968.75,,10/1/08,1238.81,,10/1/08,3.97,,10/1/08,"5,412.61",,7/1/10,"3,119.41",,,
11/1/08,896.24,,11/1/08,1168.23,,11/1/08,2.96,,11/1/08,"4,609.34",,8/1/10,"3,075.61",,,
12/1/08,903.25,,12/1/08,1237.42,,12/1/08,2.24,,12/1/08,"3,995.39",,9/1/10,"3,212.63",,,
1/1/09,825.88,,1/1/09,1115.14,,1/1/09,2.84,,1/1/09,"3,638.25",,10/1/10,"3,358.99",,,
2/1/09,735.09,,2/1/09,997.65,,2/1/09,3.04,,2/1/09,"3,416.30",,11/1/10,"3,304.44",,,
3/1/09,797.87,,3/1/09,1056.23,,3/1/09,2.69,,3/1/09,"3,570.22",,12/1/10,"3,458.89",,,
4/1/09,872.81,,4/1/09,1185.84,,4/1/09,3.12,,4/1/09,"3,537.42",,1/1/11,"3,584.82",,,
5/1/09,919.14,,5/1/09,1317.31,,5/1/09,3.47,,5/1/09,"4,233.06",,2/1/11,"3,745.64",,,
6/1/09,919.32,,6/1/09,1307.16,,6/1/09,3.52,,6/1/09,"4,257.24",,3/1/11,"3,693.94",,,
7/1/09,987.48,,7/1/09,1425.4,,7/1/09,3.5,,7/1/09,"4,276.10",,4/1/11,"3,874.67",,,
8/1/09,1020.62,,8/1/09,1498.97,,8/1/09,3.4,,8/1/09,"4,175.00",,5/1/11,"3,907.18",,,
9/1/09,1057.08,,9/1/09,1552.84,,9/1/09,3.31,,9/1/09,"4,182.21",,6/1/11,"3,802.40",,,
10/1/09,1036.19,,10/1/09,1532.74,,10/1/09,3.39,,10/1/09,"4,427.82",,7/1/11,"3,817.09",,,
11/1/09,1095.63,,11/1/09,1559.57,,11/1/09,3.2,,11/1/09,"4,495.31",,8/1/11,"3,624.07",,,
12/1/09,1115.1,,12/1/09,1580.77,,12/1/09,3.84,,12/1/09,"4,534.17",,9/1/11,"3,246.63",,,
1/1/10,1073.87,,1/1/10,1510.61,,1/1/10,3.61,,1/1/10,"4,176.22",,10/1/11,"3,678.85",,,
2/1/10,1104.49,,2/1/10,1497.34,,2/1/10,3.6,,2/1/10,"4,408.36",,11/1/11,"3,549.08",,,
3/1/10,1169.43,,3/1/10,1584.28,,3/1/10,3.83,,3/1/10,"4,493.67",,12/1/11,"3,710.61",,,
4/1/10,1186.69,,4/1/10,1551.03,,4/1/10,3.66,,4/1/10,"4,618.37",,1/1/12,"3,950.70",,,
5/1/10,1089.41,,5/1/10,1363.93,,5/1/10,3.3,,5/1/10,"4,009.25",,2/1/12,"3,924.46",,,
6/1/10,1030.71,,6/1/10,1348.11,,6/1/10,2.95,,6/1/10,"4,025.97",,3/1/12,"4,096.87",,,
7/1/10,1101.6,,7/1/10,1474.91,,7/1/10,2.91,,7/1/10,"4,252.64",,4/1/12,"4,211.56",,,
8/1/10,1049.33,,8/1/10,1425.72,,8/1/10,2.48,,8/1/10,"4,017.69",,5/1/12,"4,045.25",,,
9/1/10,1141.2,,9/1/10,1561.01,,9/1/10,2.52,,9/1/10,"4,358.72",,6/1/12,"4,283.27",,,
10/1/10,1183.26,,10/1/10,1616.41,,10/1/10,2.61,,10/1/10,"4,470.16",,7/1/12,"4,381.63",,,
11/1/10,1180.55,,11/1/10,1535.13,,11/1/10,2.8,,11/1/10,"4,518.55",,8/1/12,"4,401.71",,,
12/1/10,1257.64,,12/1/10,1658.3,,12/1/10,3.31,,12/1/10,"4,943.41",,9/1/12,"4,362.45",,,
1/1/11,1286.12,,1/1/11,1696.38,,1/1/11,3.38,,1/1/11,"5,094.27",,10/1/12,"4,347.88",,,
2/1/11,1327.22,,2/1/11,1749.01,,2/1/11,3.41,,2/1/11,"5,285.08",,11/1/12,"4,320.02",,,
3/1/11,1325.83,,3/1/11,1702.55,,3/1/11,3.45,,3/1/11,"5,515.06",,12/1/12,"4,458.10",,,
4/1/11,1363.61,,4/1/11,1797.52,,4/1/11,3.3,,4/1/11,"5,758.37",,1/1/13,"4,649.04",,,
5/1/11,1345.2,,5/1/11,1732.85,,5/1/11,3.05,,5/1/11,"5,361.71",,2/1/13,"4,709.21",,,
6/1/11,1320.64,,6/1/11,1708.08,,6/1/11,3.16,,6/1/11,"5,077.25",,3/1/13,"4,864.24",,,
7/1/11,1292.28,,7/1/11,1679.84,,7/1/11,2.81,,7/1/11,"5,200.87",,4/1/13,"5,146.46",,,
8/1/11,1218.89,,8/1/11,1523.58,,8/1/11,2.22,,8/1/11,"5,104.94",,5/1/13,"4,808.80",,,
9/1/11,1131.42,,9/1/11,1373.33,,9/1/11,1.92,,9/1/11,"4,483.73",,6/1/13,"4,699.38",,,
10/1/11,1253.3,,10/1/11,1505,,10/1/11,2.18,,10/1/11,"4,920.72",,7/1/13,"4,724.13",,,
11/1/11,1246.96,,11/1/11,1427.27,,11/1/11,2.07,,11/1/11,"4,990.43",,8/1/13,"4,429.76",,,
12/1/11,1257.6,,12/1/11,1412.55,,12/1/11,1.87,,12/1/11,"4,885.26",,9/1/13,"4,586.88",,,
1/1/12,1312.41,,1/1/12,1486.74,,1/1/12,1.8,,1/1/12,"4,994.31",,10/1/13,"4,773.18",,,
2/1/12,1365.68,,2/1/12,1567.67,,2/1/12,1.98,,2/1/12,"5,297.13",,11/1/13,"4,562.72",,,
3/1/12,1408.47,,3/1/12,1553.46,,3/1/12,2.22,,3/1/12,"5,172.64",,12/1/13,"4,601.14",,,
4/1/12,1397.91,,4/1/12,1516.21,,4/1/12,1.92,,4/1/12,"5,146.09",,1/1/14,"4,756.52",,,
5/1/12,1310.33,,5/1/12,1332.89,,5/1/12,1.58,,5/1/12,"4,478.23",,2/1/14,"4,979.48",,,
6/1/12,1362.16,,6/1/12,1423.38,,6/1/12,1.66,,6/1/12,"4,532.03",,3/1/14,"4,995.65",,,
7/1/12,1379.32,,7/1/12,1438.57,,7/1/12,1.49,,7/1/12,"4,820.88",,4/1/14,"5,139.63",,,
8/1/12,1406.58,,8/1/12,1472.51,,8/1/12,1.56,,8/1/12,"5,127.74",,5/1/14,"5,281.42",,,
9/1/12,1440.67,,9/1/12,1510.76,,9/1/12,1.64,,9/1/12,"5,054.81",,6/1/14,"5,343.65",,,
10/1/12,1412.16,,10/1/12,1522.23,,10/1/12,1.69,,10/1/12,"4,849.29",,7/1/14,"5,333.48",,,
11/1/12,1416.18,,11/1/12,1555.73,,11/1/12,1.61,,11/1/12,"4,920.92",,8/1/14,"5,513.82",,,
12/1/12,1426.19,,12/1/12,1604.01,,12/1/12,1.76,,12/1/12,"4,889.01",,9/1/14,"5,203.16",,,
1/1/13,1498.11,,1/1/13,1687.33,,1/1/13,1.99,,1/1/13,"5,102.05",,10/1/14,"5,657.08",,,
2/1/13,1514.68,,2/1/13,1667.8,,2/1/13,1.89,,2/1/13,"4,878.31",,11/1/14,"5,787.07",,,
3/1/13,1569.19,,3/1/13,1674.3,,3/1/13,1.85,,3/1/13,"4,915.86",,12/1/14,"5,850.23",,,
4/1/13,1597.57,,4/1/13,1753.61,,4/1/13,1.68,,4/1/13,"4,683.33",,1/1/15,"6,177.54",,,
5/1/13,1630.74,,5/1/13,1702.25,,5/1/13,2.16,,5/1/13,"4,613.59",,2/1/15,"6,018.12",,,
6/1/13,1606.28,,6/1/13,1638.94,,6/1/13,2.48,,6/1/13,"4,624.37",,3/1/15,"6,087.34",,,
7/1/13,1685.73,,7/1/13,1724.75,,7/1/13,2.59,,7/1/13,"4,851.60",,4/1/15,"5,800.61",,,
8/1/13,1632.97,,8/1/13,1697.34,,8/1/13,2.75,,8/1/13,"5,015.39",,5/1/15,"5,794.00",,,
9/1/13,1681.55,,9/1/13,1818.23,,9/1/13,2.62,,9/1/13,"4,845.28",,6/1/15,"5,543.78",,,
10/1/13,1756.54,,10/1/13,1878.39,,10/1/13,2.54,,10/1/13,"4,775.37",,7/1/15,"5,812.92",,,
11/1/13,1805.81,,11/1/13,1888.91,,11/1/13,2.74,,11/1/13,"4,738.15",,8/1/15,"5,482.95",,,
12/1/13,1848.36,,12/1/13,1915.6,,12/1/13,3.03,,12/1/13,"4,829.47",,9/1/15,"5,585.74",,,
1/1/14,1782.59,,1/1/14,1837.64,,1/1/14,2.67,,1/1/14,"4,750.44",,10/1/15,"5,928.86",,,
2/1/14,1859.45,,2/1/14,1935.88,,2/1/14,2.66,,2/1/14,"4,964.60",,11/1/15,"5,913.56",,,
3/1/14,1872.34,,3/1/14,1915.69,,3/1/14,2.72,,3/1/14,"4,971.54",,12/1/15,"5,984.18",,,
4/1/14,1883.95,,4/1/14,1936.67,,4/1/14,2.65,,4/1/14,"5,008.40",,1/1/16,"5,776.00",,,
5/1/14,1923.57,,5/1/14,1956.61,,5/1/14,2.46,,5/1/14,"4,999.62",,2/1/16,"5,759.40",,,
6/1/14,1960.23,,6/1/14,1972.12,,6/1/14,2.52,,6/1/14,"5,105.46",,3/1/16,"6,334.70",,,
7/1/14,1930.67,,7/1/14,1932.66,,7/1/14,2.56,,7/1/14,"4,835.02",,4/1/16,"6,229.23",,,
8/1/14,2003.37,,8/1/14,1924.62,,8/1/14,2.34,,8/1/14,"4,755.75",,5/1/16,"6,374.92",,,
9/1/14,1972.29,,9/1/14,1846.08,,9/1/14,2.51,,9/1/14,"4,469.27",,6/1/16,"6,801.03",,,
10/1/14,2018.05,,10/1/14,1818.35,,10/1/14,2.34,,10/1/14,"4,201.84",,7/1/16,"7,064.36",,,
11/1/14,2067.56,,11/1/14,1839.73,,11/1/14,2.19,,11/1/14,"3,742.98",,8/1/16,"6,832.53",,,
12/1/14,2058.9,,12/1/14,1774.89,,12/1/14,2.17,,12/1/14,"3,232.80",,9/1/16,"6,736.22",,,
1/1/15,1994.99,,1/1/15,1782.7,,1/1/15,1.68,,1/1/15,"2,990.45",,10/1/16,"6,406.81",,,
2/1/15,2104.5,,2/1/15,1886.26,,2/1/15,2,,2/1/15,"3,183.79",,11/1/16,"6,276.04",,,
3/1/15,2067.89,,3/1/15,1849.34,,3/1/15,1.93,,3/1/15,"2,967.12",,12/1/16,"6,539.68",,,
4/1/15,2085.51,,4/1/15,1918.4,,4/1/15,2.05,,4/1/15,"3,295.22",,1/1/17,"6,555.64",,,
5/1/15,2107.39,,5/1/15,1898.98,,5/1/15,2.1,,5/1/15,"3,229.74",,2/1/17,"6,828.41",,,
6/1/15,2063.11,,6/1/15,1842.46,,6/1/15,2.34,,6/1/15,"3,226.12",,3/1/17,"6,733.68",,,
7/1/15,2103.84,,7/1/15,1879.75,,7/1/15,2.21,,7/1/15,"2,771.17",,4/1/17,"6,767.84",,,
8/1/15,1972.18,,8/1/15,1736.81,,8/1/15,2.2,,8/1/15,"2,779.47",,5/1/17,"6,757.90",,,
9/1/15,1920.03,,9/1/15,1644.4,,9/1/15,2.06,,9/1/15,"2,603.62",,6/1/17,"6,894.97",,,
10/1/15,2079.36,,10/1/15,1771.66,,10/1/15,2.15,,10/1/15,"2,609.60",,7/1/17,"6,977.24",,,
11/1/15,2080.41,,11/1/15,1741.01,,11/1/15,2.22,,11/1/15,"2,375.62",,8/1/17,"7,020.68",,,
12/1/15,2043.94,,12/1/15,1716.28,,12/1/15,2.27,,12/1/15,"2,170.62",,9/1/17,"6,980.34",,,
1/1/16,1940.24,,1/1/16,1591.46,,1/1/16,1.93,,1/1/16,"2,058.38",,10/1/17,"6,970.16",,,
2/1/16,1932.23,,2/1/16,1558.17,,2/1/16,1.74,,2/1/16,"2,016.99",,11/1/17,"7,153.29",,,
3/1/16,2059.74,,3/1/16,1652.04,,3/1/16,1.79,,3/1/16,"2,116.44",,12/1/17,"7,145.73",,,
4/1/16,2065.3,,4/1/16,1693.18,,4/1/16,1.82,,4/1/16,"2,331.04",,1/1/18,"6,914.43",,,
5/1/16,2096.95,,5/1/16,1667.84,,5/1/16,1.83,,5/1/16,"2,382.75",,2/1/18,"6,429.06",,,
6/1/16,2098.86,,6/1/16,1608.45,,6/1/16,1.49,,6/1/16,"2,384.66",,3/1/18,"6,669.61",,,
7/1/16,2173.6,,7/1/16,1689.12,,7/1/16,1.46,,7/1/16,"2,156.50",,4/1/18,"6,706.32",,,
8/1/16,2170.95,,8/1/16,1685.57,,8/1/16,1.57,,8/1/16,"2,194.65",,5/1/18,"6,942.73",,,
9/1/16,2168.27,,9/1/16,1701.69,,9/1/16,1.61,,9/1/16,"2,285.61",,6/1/18,"7,224.65",,,
10/1/16,2126.15,,10/1/16,1665.72,,10/1/16,1.83,,10/1/16,"2,251.39",,7/1/18,"7,280.43",,,
11/1/16,2198.81,,11/1/16,1629.67,,11/1/16,2.37,,11/1/16,"2,308.46",,8/1/18,"7,475.21",,,
12/1/16,2238.83,,12/1/16,1684,,12/1/16,2.48,,12/1/16,"2,417.31",,9/1/18,"7,298.98",,,
1/1/17,2278.87,,1/1/17,1732.38,,1/1/17,2.45,,1/1/17,"2,383.16",,10/1/18,"7,107.49",,,
2/1/17,2363.64,,2/1/17,1753.09,,2/1/17,2.36,,2/1/17,"2,388.70",,11/1/18,"7,426.57",,,
3/1/17,2362.72,,3/1/17,1792.98,,3/1/17,2.4,,3/1/17,"2,295.19",,12/1/18,"6,852.72",,,
4/1/17,2384.2,,4/1/17,1833.7,,4/1/17,2.28,,4/1/17,"2,246.85",,1/1/19,"7,635.24",,,
5/1/17,2411.8,,5/1/17,1890.06,,5/1/17,2.2,,5/1/17,"2,212.33",,2/1/19,"7,673.17",,,
6/1/17,2423.41,,6/1/17,1883.19,,6/1/17,2.3,,6/1/17,"2,169.81",,3/1/19,"7,997.07",,,
7/1/17,2470.3,,7/1/17,1936.91,,7/1/17,2.29,,7/1/17,"2,269.29",,4/1/19,"7,992.37",,,
8/1/17,2471.65,,8/1/17,1930.82,,8/1/17,2.12,,8/1/17,"2,251.67",,5/1/19,"8,008.38",,,
9/1/17,2519.36,,9/1/17,1973.81,,9/1/17,2.33,,9/1/17,"2,326.46",,6/1/19,"8,138.69",,,
10/1/17,2575.26,,10/1/17,2002.54,,10/1/17,2.38,,10/1/17,"2,415.28",,7/1/19,"8,266.93",,,
11/1/17,2584.84,,11/1/17,2020.13,,11/1/17,2.42,,11/1/17,"2,448.66",,8/1/19,"8,547.59",,,
12/1/17,2673.61,,12/1/17,2050.79,,12/1/17,2.41,,12/1/17,"2,556.71",,9/1/19,"8,728.20",,,
1/1/18,2823.81,,1/1/18,2153.05,,1/1/18,2.72,,1/1/18,"2,644.13",,10/1/19,"8,828.02",,,
2/1/18,2713.83,,2/1/18,2051.73,,2/1/18,2.87,,2/1/18,"2,555.82",,11/1/19,"8,708.75",,,
3/1/18,2640.87,,3/1/18,2005.67,,3/1/18,2.74,,3/1/18,"2,612.60",,12/1/19,"8,776.18",,,
4/1/18,2648.05,,4/1/18,2043.66,,4/1/18,2.94,,4/1/18,"2,744.20",,1/1/20,"8,899.33",,,
5/1/18,2705.27,,5/1/18,1986.17,,5/1/18,2.82,,5/1/18,"2,783.92",,2/1/20,"8,268.94",,,
6/1/18,2718.37,,6/1/18,1958.64,,6/1/18,2.85,,6/1/18,"2,821.65",,3/1/20,"6,544.90",,,
7/1/18,2816.29,,7/1/18,2006.06,,7/1/18,2.96,,7/1/18,"2,722.02",,4/1/20,"7,137.81",,,
8/1/18,2901.52,,8/1/18,1962.05,,8/1/18,2.85,,8/1/18,"2,751.35",,5/1/20,"7,259.76",,,
9/1/18,2913.98,,9/1/18,1973.6,,9/1/18,3.06,,9/1/18,"2,859.44",,6/1/20,"7,458.47",,,
10/1/18,2711.74,,10/1/18,1815.17,,10/1/18,3.16,,10/1/18,"2,692.36",,7/1/20,"7,739.84",,,
11/1/18,2760.17,,11/1/18,1809.56,,11/1/18,3.01,,11/1/18,"2,388.63",,8/1/20,"7,765.11",,,
12/1/18,2506.85,,12/1/18,1719.88,,12/1/18,2.69,,12/1/18,"2,203.47",,9/1/20,"7,567.39",,,
1/1/19,2704.1,,1/1/19,1831.1,,1/1/19,2.64,,1/1/19,"2,401.53",,10/1/20,"7,327.33",,,
2/1/19,2784.49,,2/1/19,1873.72,,2/1/19,2.71,,2/1/19,"2,493.11",,11/1/20,"8,040.25",,,
3/1/19,2834.4,,3/1/19,1875.43,,3/1/19,2.41,,3/1/19,"2,533.23",,12/1/20,"8,261.85",,,
4/1/19,2945.83,,4/1/19,1921.49,,4/1/19,2.51,,4/1/19,"2,605.41",,,,,,
5/1/19,2752.06,,5/1/19,1817.39,,5/1/19,2.14,,5/1/19,"2,391.42",,,,,,
6/1/19,2941.76,,6/1/19,1922.3,,6/1/19,2,,6/1/19,"2,497.37",,,,,,
7/1/19,2980.38,,7/1/19,1897.12,,7/1/19,2.02,,7/1/19,"2,492.08",,,,,,
8/1/19,2926.46,,8/1/19,1842.58,,8/1/19,1.51,,8/1/19,"2,351.95",,,,,,
9/1/19,2976.74,,9/1/19,1889.36,,9/1/19,1.68,,9/1/19,"2,393.09",,,,,,
10/1/19,3037.56,,10/1/19,1955.48,,10/1/19,1.69,,10/1/19,"2,422.88",,,,,,
11/1/19,3140.98,,11/1/19,1974.47,,11/1/19,1.78,,11/1/19,"2,422.57",,,,,,
12/1/19,3230.78,,12/1/19,2036.94,,12/1/19,1.92,,12/1/19,"2,591.86",,,,,,
1/1/20,3225.52,,1/1/20,1993.72,,1/1/20,1.52,,1/1/20,"2,311.29",,,,,,
2/1/20,2954.22,,2/1/20,1809.71,,2/1/20,1.13,,2/1/20,"2,117.39",,,,,,
3/1/20,2584.59,,3/1/20,1559.59,,3/1/20,0.7,,3/1/20,"1,494.34",,,,,,
4/1/20,2912.43,,4/1/20,1657.69,,4/1/20,0.62,,4/1/20,"1,349.82",,,,,,
5/1/20,3044.31,,5/1/20,1725.09,,5/1/20,0.65,,5/1/20,"1,570.82",,,,,,
6/1/20,3100.29,,6/1/20,1780.58,,6/1/20,0.65,,6/1/20,"1,650.79",,,,,,
7/1/20,3271.12,,7/1/20,1820.21,,7/1/20,0.54,,7/1/20,"1,713.46",,,,,,
8/1/20,3500.31,,8/1/20,1909.99,,8/1/20,0.69,,8/1/20,"1,792.03",,,,,,
9/1/20,3363,,9/1/20,1855.32,,9/1/20,0.68,,9/1/20,"1,726.81",,,,,,
10/1/20,3269.96,,10/1/20,1780.09,,10/1/20,0.86,,10/1/20,"1,665.08",,,,,,
11/1/20,3621.63,,11/1/20,2053.83,,11/1/20,0.84,,11/1/20,"1,865.57",,,,,,
12/1/20,3756.07,,12/1/20,2147.53,,12/1/20,0.92,,12/1/20,"1,976.96",,,,,,